scenario,seed,avg_wait,avg_travel_time,avg_queue,p95_queue,completed_trips,throughput,gridlock_duration,gridlock_events,policy_inference_latency_ms,cpu_usage,peak_memory_mb,failed,incomplete,steps,gridlock_pct,fail_reason,spawned,final_vehicles
normal,1000,4.126874191012513,83.38906752411576,0.14900173611111112,0.9474999999999992,311,0.8638888888888889,0.0,0,0.01264228846290886,99.42666666666666,718.40234375,False,False,360,0.0,,441,130
normal,1001,4.284907424091856,86.58308157099698,0.15559895833333334,0.9211111111111105,331,0.9194444444444444,0.0,0,0.012932253513200622,100.22694444444444,718.43359375,False,False,360,0.0,,476,145
normal,1002,4.160635283084051,86.1128526645768,0.15334201388888888,0.921805555555555,319,0.8861111111111111,0.0,0,0.011312567029462015,100.7275,718.453125,False,False,360,0.0,,444,125
normal,1003,4.231536466897481,84.01823708206688,0.14370659722222223,0.8984722222222217,329,0.9138888888888889,0.0,0,0.010268935855290491,99.23527777777777,718.4609375,False,False,360,0.0,,445,116
normal,1004,4.517003199874359,92.14465408805032,0.16640625,1.0006944444444434,318,0.8833333333333333,0.0,0,0.010690655967159223,100.08027777777778,718.484375,False,False,360,0.0,,450,132
normal,1005,3.972281837555421,79.82890855457227,0.15069444444444444,0.9487499999999992,339,0.9416666666666667,0.0,0,0.01093143122893202,100.09444444444445,718.50390625,False,False,360,0.0,,471,132
normal,1006,4.6197804837039484,89.84516129032258,0.16440972222222222,0.9987499999999992,310,0.8611111111111112,0.0,0,0.01106412818343314,100.31777777777778,718.51953125,False,False,360,0.0,,433,123
normal,1007,3.9286220180126827,78.66381766381767,0.15269097222222222,0.910416666666666,351,0.975,0.0,0,0.011251348981507666,101.54527777777778,718.53515625,False,False,360,0.0,,483,132
normal,1008,3.898988892275913,81.28353658536585,0.148046875,0.9186111111111105,328,0.9111111111111111,0.0,0,0.011360968033437125,100.63583333333334,718.55078125,False,False,360,0.0,,451,123
normal,1009,4.023118448019102,82.07594936708861,0.13463541666666667,0.8745833333333327,316,0.8777777777777778,0.0,0,0.011424314814373955,99.6936111111111,718.5546875,False,False,360,0.0,,452,136
normal,1010,3.904703361906717,82.6,0.1482638888888889,0.9133333333333326,320,0.8888888888888888,0.0,0,0.010869066308158735,100.65694444444445,718.57421875,False,False,360,0.0,,450,130
normal,1011,4.967540033739888,86.66363636363636,0.173828125,0.9969444444444436,330,0.9166666666666666,0.0,0,0.011764503202963775,99.3788888888889,718.58984375,False,False,360,0.0,,452,122
normal,1012,4.224642986021257,85.0749279538905,0.16111111111111112,0.9684722222222215,347,0.9638888888888889,0.0,0,0.011078896720088474,99.60166666666666,718.60546875,False,False,360,0.0,,466,119
normal,1013,4.797415114678725,93.78840579710145,0.18159722222222222,1.0481944444444435,345,0.9583333333333334,0.0,0,0.011520252084867226,100.14833333333334,718.625,False,False,360,0.0,,482,137
normal,1014,4.076975821280106,85.01538461538462,0.14066840277777778,0.8972222222222216,325,0.9027777777777778,0.0,0,0.011034115019962579,98.96944444444445,718.63671875,False,False,360,0.0,,445,120
normal,1015,4.385266846669821,84.38855421686748,0.16197916666666667,0.9879166666666663,332,0.9222222222222223,0.0,0,0.010949878995031921,100.12388888888889,718.65234375,False,False,360,0.0,,450,118
normal,1016,4.5381989573518045,90.69669669669669,0.18385416666666668,1.0837499999999989,333,0.925,0.0,0,0.011852948682644637,99.68805555555555,718.6796875,False,False,360,0.0,,491,158
normal,1017,4.597639604081853,88.45845272206304,0.16766493055555556,1.0124999999999993,349,0.9694444444444444,0.0,0,0.010715024351763228,98.80416666666666,718.6953125,False,False,360,0.0,,459,110
normal,1018,4.533355118381353,87.77844311377245,0.16067708333333333,0.9313888888888883,334,0.9277777777777778,0.0,0,0.011011131603784937,100.10194444444444,718.69921875,False,False,360,0.0,,455,121
normal,1019,3.931203386872812,80.10397553516819,0.15486111111111112,0.9131944444444439,327,0.9083333333333333,0.0,0,0.012322152603398232,100.09722222222223,718.71484375,False,False,360,0.0,,469,142
high_demand,1000,5.703375300923255,89.13419913419914,0.42552083333333335,2.0390277777777763,693,1.925,0.0,0,0.013177164358542845,98.61638888888889,718.80859375,False,False,360,0.0,,959,266
high_demand,1001,5.630396422472877,90.93741307371349,0.4463107638888889,2.1118055555555544,719,1.9972222222222222,0.0,0,0.011345074431624703,100.28333333333333,718.84375,False,False,360,0.0,,1029,310
high_demand,1002,5.2725673416098,87.01390820584145,0.43506944444444445,2.0616666666666656,719,1.9972222222222222,0.0,0,0.01137960179120354,99.06611111111111,718.875,False,False,360,0.0,,1031,312
high_demand,1003,5.026095343519195,84.71946308724833,0.41293402777777777,2.076249999999999,745,2.0694444444444446,0.0,0,0.01143374597126644,100.30361111111112,718.890625,False,False,360,0.0,,1020,275
high_demand,1004,5.428327342312594,91.63310344827586,0.4482638888888889,2.1651388888888876,725,2.013888888888889,0.0,0,0.011399464670426419,100.14222222222222,718.89453125,False,False,360,0.0,,1017,292
high_demand,1005,4.986949673736244,87.38056680161944,0.42803819444444446,2.009999999999999,741,2.058333333333333,0.0,0,0.012378440320996257,100.26833333333333,718.9140625,False,False,360,0.0,,1040,299
high_demand,1006,5.409193385152627,88.32219251336899,0.4618055555555556,2.183055555555554,748,2.077777777777778,0.0,0,0.011203385383851128,99.75222222222223,718.9453125,False,False,360,0.0,,1073,325
high_demand,1007,5.9823030317562935,95.80577427821522,0.5094184027777777,2.343888888888888,762,2.1166666666666667,0.0,0,0.011164657967634007,100.90722222222222,718.97265625,False,False,360,0.0,,1065,303
high_demand,1008,4.94391287637601,85.39300134589502,0.3904947916666667,1.9045833333333324,743,2.063888888888889,0.0,0,0.01096835083242493,99.71361111111112,718.9765625,False,False,360,0.0,,1025,282
high_demand,1009,5.230062517242931,90.79419889502762,0.4460503472222222,2.1613888888888875,724,2.011111111111111,0.0,0,0.011100276474785965,100.1225,718.984375,False,False,360,0.0,,1027,303
high_demand,1010,5.44757761153112,91.15143246930423,0.44869791666666664,2.123888888888888,733,2.036111111111111,0.0,0,0.011000600089674763,99.82277777777777,719.0078125,False,False,360,0.0,,1038,305
high_demand,1011,5.417214899948259,93.09103078982596,0.4424045138888889,2.09111111111111,747,2.075,0.0,0,0.01122227827686907,100.54138888888889,719.0234375,False,False,360,0.0,,1014,267
high_demand,1012,5.210574473654838,88.78212290502793,0.4278645833333333,2.053333333333332,716,1.988888888888889,0.0,0,0.010830581969558908,99.96361111111112,719.03125,False,False,360,0.0,,1010,294
high_demand,1013,5.252319956056776,89.87389659520807,0.47825520833333335,2.2205555555555545,793,2.202777777777778,0.0,0,0.011730056859151874,98.96027777777778,719.0546875,False,False,360,0.0,,1116,323
high_demand,1014,5.427111365022094,90.64153627311522,0.4370659722222222,2.0640277777777767,703,1.9527777777777777,0.0,0,0.01084748330160639,100.16166666666666,719.0703125,False,False,360,0.0,,1016,313
high_demand,1015,5.559304247705836,89.19261213720317,0.4875434027777778,2.2872222222222205,758,2.1055555555555556,0.0,0,0.0114463631891542,100.3711111111111,719.09375,False,False,360,0.0,,1065,307
high_demand,1016,5.496451609176034,88.77493261455525,0.45121527777777776,2.2283333333333317,742,2.061111111111111,0.0,0,0.011031957152833153,100.1311111111111,719.09765625,False,False,360,0.0,,1020,278
high_demand,1017,5.444589352721358,89.17527173913044,0.465234375,2.2026388888888877,736,2.0444444444444443,0.0,0,0.011488546392178655,98.90722222222222,719.11328125,False,False,360,0.0,,1048,312
high_demand,1018,5.322423833374441,89.39484396200814,0.43875868055555556,2.1459722222222206,737,2.047222222222222,0.0,0,0.010988398056118362,100.03222222222222,719.125,False,False,360,0.0,,1039,302
high_demand,1019,5.326248432787372,89.00944669365722,0.43758680555555557,2.0868055555555545,741,2.058333333333333,0.0,0,0.010919929617456445,100.00194444444443,719.12890625,False,False,360,0.0,,1025,284
sudden_surge,1000,5.279598246614632,88.09825327510917,0.25763888888888886,1.4383333333333324,458,1.2722222222222221,0.0,0,0.010663485803282432,100.60444444444444,719.13671875,False,False,360,0.0,,603,145
sudden_surge,1001,5.113074112012008,91.29004329004329,0.2638888888888889,1.3974999999999989,462,1.2833333333333334,0.0,0,0.010868697972910013,99.85416666666667,719.13671875,False,False,360,0.0,,631,169
sudden_surge,1002,5.025177501942102,91.76718403547672,0.25047743055555555,1.380833333333332,451,1.2527777777777778,0.0,0,0.010820414223012954,99.93027777777777,719.13671875,False,False,360,0.0,,584,133
sudden_surge,1003,4.921644061241366,89.11839323467231,0.2526909722222222,1.4144444444444433,473,1.3138888888888889,0.0,0,0.010547680388602506,99.26805555555555,719.15234375,False,False,360,0.0,,611,138
sudden_surge,1004,5.119092385183932,94.3146551724138,0.2633246527777778,1.4424999999999986,464,1.288888888888889,0.0,0,0.010987061796186026,98.92861111111112,719.16796875,False,False,360,0.0,,598,134
sudden_surge,1005,4.710085426712423,85.35860655737704,0.241796875,1.3719444444444435,488,1.3555555555555556,0.0,0,0.010285966042526221,99.73305555555557,719.17578125,False,False,360,0.0,,621,133
sudden_surge,1006,5.049869989028342,91.95289079229121,0.246875,1.3618055555555546,467,1.2972222222222223,0.0,0,0.011464827669745622,100.82694444444444,719.1953125,False,False,360,0.0,,601,134
sudden_surge,1007,4.7816457572965865,86.13207547169812,0.2533420138888889,1.3666666666666658,477,1.325,0.0,0,0.010635150647431146,100.00944444444445,719.2109375,False,False,360,0.0,,626,149
sudden_surge,1008,4.67137744053593,87.12288135593221,0.2381076388888889,1.36236111111111,472,1.3111111111111111,0.0,0,0.011382466780358098,101.015,719.21875,False,False,360,0.0,,604,132
sudden_surge,1009,4.906039694495673,88.46485260770974,0.2408420138888889,1.3145833333333323,441,1.225,0.0,0,0.010478646688877942,100.445,719.23828125,False,False,360,0.0,,596,155
sudden_surge,1010,4.6207667616183175,86.72009029345372,0.231640625,1.33611111111111,443,1.2305555555555556,0.0,0,0.011412739725831974,99.5925,719.24609375,False,False,360,0.0,,596,153
sudden_surge,1011,5.182191819038511,92.4989010989011,0.25360243055555554,1.3602777777777768,455,1.2638888888888888,0.0,0,0.010642354613486936,100.03972222222222,719.265625,False,False,360,0.0,,584,129
sudden_surge,1012,4.834199082290733,88.0796645702306,0.2300347222222222,1.3284722222222212,477,1.325,0.0,0,0.01179020436110376,99.37055555555555,719.28125,False,False,360,0.0,,595,118
sudden_surge,1013,5.465060531026406,96.69214876033058,0.29366319444444444,1.5916666666666657,484,1.3444444444444446,0.0,0,0.010906147963396506,99.20138888888889,719.3125,False,False,360,0.0,,639,155
sudden_surge,1014,4.772036119031748,88.47537473233405,0.23346354166666666,1.2955555555555545,467,1.2972222222222223,0.0,0,0.010591823441548817,99.79666666666668,719.3203125,False,False,360,0.0,,593,126
sudden_surge,1015,5.068016605209325,89.01923076923077,0.24813368055555557,1.3399999999999994,468,1.3,0.0,0,0.01161807968957065,100.86138888888888,719.328125,False,False,360,0.0,,608,140
sudden_surge,1016,5.002076487203049,92.78354978354979,0.2776909722222222,1.4905555555555547,462,1.2833333333333334,0.0,0,0.011001997689971985,99.43611111111112,719.34375,False,False,360,0.0,,627,165
sudden_surge,1017,5.429919914608781,90.10569105691057,0.26675347222222223,1.5052777777777768,492,1.3666666666666667,0.0,0,0.011415726092107233,101.25166666666667,719.36328125,False,False,360,0.0,,616,124
sudden_surge,1018,5.014054198226532,89.04086021505377,0.24427083333333333,1.3515277777777768,465,1.2916666666666667,0.0,0,0.010608275351842167,100.06194444444445,719.3671875,False,False,360,0.0,,598,133
sudden_surge,1019,5.043466532047244,86.70039682539682,0.2732204861111111,1.482222222222221,504,1.4,0.0,0,0.011969465291864859,99.69333333333333,719.375,False,False,360,0.0,,638,134
uneven,1000,4.922689755325937,88.50429799426934,0.17782118055555557,1.0068055555555548,349,0.9694444444444444,0.0,0,0.011119241985903095,100.12777777777778,719.38671875,False,False,360,0.0,,501,152
uneven,1001,4.314023877687137,83.72564102564102,0.18841145833333334,1.1191666666666658,390,1.0833333333333333,0.0,0,0.010819319848249305,99.65,719.39453125,False,False,360,0.0,,556,166
uneven,1002,4.440995328232933,90.37465564738292,0.18854166666666666,1.0886111111111103,363,1.0083333333333333,0.0,0,0.012708862383684997,99.065,719.40625,False,False,360,0.0,,510,147
uneven,1003,4.158258304707595,86.71549295774648,0.16497395833333334,0.989166666666666,355,0.9861111111111112,0.0,0,0.011111680184209641,101.36416666666666,719.4140625,False,False,360,0.0,,507,152
uneven,1004,4.8345916413343035,98.04032258064517,0.21571180555555555,1.196249999999999,372,1.0333333333333334,0.0,0,0.010758864532868352,99.38416666666667,719.42578125,False,False,360,0.0,,520,148
uneven,1005,4.160042546041364,85.22680412371135,0.1876736111111111,1.0683333333333325,388,1.0777777777777777,0.0,0,0.01128055061296133,100.10166666666666,719.44140625,False,False,360,0.0,,550,162
uneven,1006,4.5374036335224845,86.77925531914893,0.18333333333333332,1.0620833333333324,376,1.0444444444444445,0.0,0,0.010735514772224834,100.17583333333334,719.44921875,False,False,360,0.0,,506,130
uneven,1007,3.9919791086598364,81.42359249329759,0.17899305555555556,1.0593055555555546,373,1.0361111111111112,0.0,0,0.011111796114467628,99.16999999999999,719.46875,False,False,360,0.0,,530,157
uneven,1008,4.727690666619363,88.06182795698925,0.19366319444444444,1.0977777777777769,372,1.0333333333333334,0.0,0,0.010654703469804695,99.805,719.48046875,False,False,360,0.0,,511,139
uneven,1009,4.41962007635592,88.85522788203754,0.18650173611111112,1.0686111111111105,373,1.0361111111111112,0.0,0,0.010787565911919551,100.31916666666667,719.4921875,False,False,360,0.0,,531,158
uneven,1010,3.9625033929478604,85.3288043478261,0.16896701388888888,1.04111111111111,368,1.0222222222222221,0.0,0,0.01051665191577437,99.71222222222222,719.5078125,False,False,360,0.0,,506,138
uneven,1011,4.777069376187296,90.25205479452055,0.18489583333333334,1.0609722222222213,365,1.0138888888888888,0.0,0,0.010575512280613313,100.45777777777779,719.51953125,False,False,360,0.0,,506,141
uneven,1012,4.471518581891957,85.84878048780487,0.1915798611111111,1.1347222222222213,410,1.1388888888888888,0.0,0,0.010790457043994037,100.68277777777779,719.53125,False,False,360,0.0,,533,123
uneven,1013,4.841613741924141,90.78851174934726,0.191796875,1.1143055555555545,383,1.0638888888888889,0.0,0,0.010732738863023568,99.90666666666667,719.55078125,False,False,360,0.0,,540,157
uneven,1014,5.231556503426063,86.57731958762886,0.20768229166666666,1.164999999999999,388,1.0777777777777777,0.0,0,0.010702197161865316,100.2825,719.5703125,False,False,360,0.0,,525,137
uneven,1015,4.761579564893715,87.50140056022408,0.19613715277777777,1.1159722222222213,357,0.9916666666666667,0.0,0,0.011683628064121068,99.49972222222223,719.5859375,False,False,360,0.0,,517,160
uneven,1016,4.984756693089532,90.07894736842105,0.2279079861111111,1.292499999999999,380,1.0555555555555556,0.0,0,0.010501349738155518,100.12555555555555,719.609375,False,False,360,0.0,,554,174
uneven,1017,4.5408135967437175,89.95212765957447,0.18246527777777777,1.0919444444444435,376,1.0444444444444445,0.0,0,0.010432534276737392,100.5825,719.62109375,False,False,360,0.0,,521,145
uneven,1018,4.406560744028408,86.96825396825396,0.18953993055555557,1.0773611111111103,378,1.05,0.0,0,0.010826030534695342,99.10722222222222,719.6328125,False,False,360,0.0,,523,145
uneven,1019,4.353035098611637,87.6,0.19422743055555555,1.1398611111111099,380,1.0555555555555556,0.0,0,0.010970667669122728,100.24777777777777,719.640625,False,False,360,0.0,,522,142
road_closure,1000,4.072407948604154,85.61363636363636,0.14596774193548387,0.9270833333333327,308,0.8555555555555555,0.0,0,0.010766418108687503,99.98055555555555,719.6484375,False,False,360,0.0,,440,132
road_closure,1001,3.962747421161267,85.79239766081871,0.16294802867383512,0.9631944444444438,342,0.95,0.0,0,0.010617005136737134,100.0461111111111,719.65625,False,False,360,0.0,,478,136
road_closure,1002,4.23276702697919,86.90938511326861,0.15725806451612903,0.9649999999999993,309,0.8583333333333333,0.0,0,0.01076580601875321,100.27666666666666,719.67578125,False,False,360,0.0,,434,125
road_closure,1003,4.6582718840230735,89.08510638297872,0.1635752688172043,0.9688888888888885,329,0.9138888888888889,0.0,0,0.011071181476533335,100.72,719.6875,False,False,360,0.0,,446,117
road_closure,1004,4.22954857276365,88.21364985163204,0.1613799283154122,1.0412499999999991,337,0.9361111111111111,0.0,0,0.010643496696300443,100.06,719.69921875,False,False,360,0.0,,451,114
road_closure,1005,4.192022364287996,86.12349397590361,0.16411290322580643,0.9681944444444438,332,0.9222222222222223,0.0,0,0.010668880076991627,101.36305555555555,719.71875,False,False,360,0.0,,465,133
road_closure,1006,4.394981164179522,81.46604938271605,0.14565412186379928,0.914583333333333,324,0.9,0.0,0,0.011228199724023903,100.05722222222222,719.73828125,False,False,360,0.0,,433,109
road_closure,1007,4.507123472571612,85.62790697674419,0.1759856630824373,1.0162499999999997,344,0.9555555555555556,0.0,0,0.010920301247097086,100.92833333333333,719.75,False,False,360,0.0,,478,134
road_closure,1008,4.170047980715491,89.14012738853503,0.15985663082437276,0.9486111111111105,314,0.8722222222222222,0.0,0,0.010342358816867799,99.6575,719.765625,False,False,360,0.0,,439,125
road_closure,1009,4.38730837506723,88.009375,0.15013440860215052,0.9086111111111107,320,0.8888888888888888,0.0,0,0.011690935662045376,100.7225,719.7734375,False,False,360,0.0,,445,125
road_closure,1010,3.559584211928724,84.08681672025723,0.14099462365591398,0.9320833333333327,311,0.8638888888888889,0.0,0,0.011097405816447766,99.04166666666667,719.78515625,False,False,360,0.0,,432,121
road_closure,1011,4.671035283696289,90.12264150943396,0.162410394265233,0.972916666666666,318,0.8833333333333333,0.0,0,0.010950459313284632,100.07,719.80078125,False,False,360,0.0,,442,124
road_closure,1012,4.356550697628352,82.80952380952381,0.1665322580645161,0.9737499999999994,357,0.9916666666666667,0.0,0,0.010859821264198722,99.64861111111111,719.81640625,False,False,360,0.0,,471,114
road_closure,1013,4.489884601302152,88.30029154518951,0.17087813620071685,0.9680555555555549,343,0.9527777777777777,0.0,0,0.010672621920093661,100.0325,719.8359375,False,False,360,0.0,,479,136
road_closure,1014,3.9442985290462267,86.04672897196262,0.153673835125448,0.9326388888888882,321,0.8916666666666667,0.0,0,0.010729188903092613,100.86861111111111,719.84765625,False,False,360,0.0,,445,124
road_closure,1015,3.9494804195052655,83.77602523659306,0.142831541218638,0.9177777777777774,317,0.8805555555555555,0.0,0,0.012765006673968552,99.85944444444445,719.8671875,False,False,360,0.0,,439,122
road_closure,1016,4.313494023709787,89.43026706231454,0.18512544802867387,1.095277777777777,337,0.9361111111111111,0.0,0,0.010977216485722844,100.25166666666667,719.8828125,False,False,360,0.0,,484,147
road_closure,1017,4.222930568082321,83.009009009009,0.15739247311827959,0.9334722222222218,333,0.925,0.0,0,0.011150015274728907,99.44833333333334,719.8984375,False,False,360,0.0,,452,119
road_closure,1018,4.26932436265333,87.67528735632185,0.16568100358422938,0.9948611111111104,348,0.9666666666666667,0.0,0,0.011048345327758903,100.69333333333333,719.90625,False,False,360,0.0,,470,122
road_closure,1019,4.0214668807100304,85.33430232558139,0.16590501792114692,0.9988888888888883,344,0.9555555555555556,0.0,0,0.01173789983618513,100.31166666666665,719.92578125,False,False,360,0.0,,473,129
noisy_sensors,1000,5.295324896747719,86.3974358974359,0.18680555555555556,1.073055555555555,312,0.8666666666666667,0.0,0,0.015634150208320027,100.05611111111111,720.00390625,False,False,360,0.0,,441,129
noisy_sensors,1001,5.6784761574720255,88.51063829787235,0.20169270833333333,1.2366666666666655,329,0.9138888888888889,0.0,0,0.016459664352118528,99.42444444444445,720.03125,False,False,360,0.0,,476,147
noisy_sensors,1002,5.730216370491463,86.625,0.19361979166666668,1.1993055555555543,312,0.8666666666666667,0.0,0,0.014727689621294202,99.92472222222223,720.046875,False,False,360,0.0,,444,132
noisy_sensors,1003,5.302936175459119,85.82066869300913,0.17942708333333332,1.0656944444444438,329,0.9138888888888889,0.0,0,0.016733026738317374,100.05555555555556,720.0546875,False,False,360,0.0,,445,116
noisy_sensors,1004,5.580937200996165,93.26031746031747,0.201171875,1.1544444444444435,315,0.875,0.0,0,0.01805129601658943,99.84694444444445,720.07421875,False,False,360,0.0,,450,135
noisy_sensors,1005,5.086260156799843,82.61791044776119,0.18585069444444444,1.1144444444444432,335,0.9305555555555556,0.0,0,0.020298982639764693,100.59666666666668,720.08984375,False,False,360,0.0,,471,136
noisy_sensors,1006,5.780749192370714,91.47039473684211,0.19331597222222222,1.1544444444444435,304,0.8444444444444444,0.0,0,0.020681970798048295,99.88361111111111,720.109375,False,False,360,0.0,,433,129
noisy_sensors,1007,4.652151928845641,81.33236994219654,0.1881076388888889,1.1555555555555546,346,0.9611111111111111,0.0,0,0.01812068537926987,99.46916666666667,720.125,False,False,360,0.0,,483,137
noisy_sensors,1008,5.282995073744448,83.97852760736197,0.18680555555555556,1.0948611111111102,326,0.9055555555555556,0.0,0,0.017053542938406788,101.00500000000001,720.140625,False,False,360,0.0,,451,125
noisy_sensors,1009,5.443032757662495,85.10322580645162,0.17934027777777778,1.0831944444444432,310,0.8611111111111112,0.0,0,0.01576241354794345,100.36138888888888,720.1484375,False,False,360,0.0,,452,142
noisy_sensors,1010,4.718540076609425,84.36875,0.17300347222222223,1.0647222222222212,320,0.8888888888888888,0.0,0,0.015435731842848731,99.62138888888889,720.171875,False,False,360,0.0,,450,130
noisy_sensors,1011,5.848039962033133,89.990990990991,0.203125,1.1470833333333321,333,0.925,0.0,0,0.015318013023109719,100.2725,720.18359375,False,False,360,0.0,,452,119
noisy_sensors,1012,5.997966878423351,87.72126436781609,0.21254340277777778,1.193888888888888,348,0.9666666666666667,0.0,0,0.01467796268520437,99.84083333333332,720.1953125,False,False,360,0.0,,466,118
noisy_sensors,1013,5.959543221245303,95.02949852507375,0.2185329861111111,1.2690277777777768,339,0.9416666666666667,0.0,0,0.015086494446829116,100.01361111111112,720.21484375,False,False,360,0.0,,482,143
noisy_sensors,1014,5.508456714357309,87.62382445141066,0.18650173611111112,1.1211111111111103,319,0.8861111111111111,0.0,0,0.015185613180316674,100.07194444444445,720.23046875,False,False,360,0.0,,445,126
noisy_sensors,1015,5.398603882848949,85.63333333333334,0.19522569444444443,1.1779166666666656,330,0.9166666666666666,0.0,0,0.016030831931048952,99.60333333333332,720.23828125,False,False,360,0.0,,450,120
noisy_sensors,1016,5.694614193943613,92.74085365853658,0.22447916666666667,1.2816666666666656,328,0.9111111111111111,0.0,0,0.01576171362103196,100.55333333333333,720.26953125,False,False,360,0.0,,491,163
noisy_sensors,1017,5.608117241268835,90.65902578796562,0.2049045138888889,1.177638888888888,349,0.9694444444444444,0.0,0,0.016768211723198572,99.6675,720.28125,False,False,360,0.0,,459,110
noisy_sensors,1018,5.6827669574127695,89.14114114114115,0.19895833333333332,1.1584722222222212,333,0.925,0.0,0,0.017118095628474193,100.18805555555555,720.28515625,False,False,360,0.0,,455,122
noisy_sensors,1019,4.671494871155773,82.40184049079754,0.19171006944444444,1.1629166666666657,326,0.9055555555555556,0.0,0,0.015940787741581315,100.1175,720.30078125,False,False,360,0.0,,469,143
missing_sensors,1000,12.913267966845039,95.02380952380952,0.4173611111111111,2.49708333333333,294,0.8166666666666667,0.0,0,0.010912427711041851,99.01277777777777,720.37890625,False,False,360,0.0,,441,147
missing_sensors,1001,16.248599518995352,95.71186440677967,0.5211805555555555,3.014027777777775,295,0.8194444444444444,0.0,0,0.010742197607922006,99.76583333333332,720.41015625,False,False,360,0.0,,476,181
missing_sensors,1002,13.00185761985458,95.0136518771331,0.43276909722222223,2.4556944444444424,293,0.8138888888888889,0.0,0,0.011057095808711084,100.0586111111111,720.43359375,False,False,360,0.0,,444,151
missing_sensors,1003,9.726475382992259,89.33009708737865,0.31710069444444444,1.9129166666666646,309,0.8583333333333333,0.0,0,0.010895646321134538,99.71055555555556,720.4375,False,False,360,0.0,,445,136
missing_sensors,1004,14.932083047722985,102.38078291814946,0.4831597222222222,2.7511111111111086,281,0.7805555555555556,0.0,0,0.011554731382703822,99.85166666666666,720.453125,False,False,360,0.0,,450,169
missing_sensors,1005,14.940399750728009,91.88364779874213,0.5001302083333333,2.8487499999999972,318,0.8833333333333333,0.0,0,0.011345797490018109,100.16972222222222,720.47265625,False,False,360,0.0,,471,153
missing_sensors,1006,14.358363381280709,102.4795918367347,0.4384982638888889,2.5231944444444427,294,0.8166666666666667,0.0,0,0.010810740604938474,100.27722222222224,720.484375,False,False,360,0.0,,433,139
missing_sensors,1007,11.484176080078285,79.49044585987261,0.39991319444444445,2.265416666666664,314,0.8722222222222222,0.0,0,0.011879096604793126,99.00944444444445,720.50390625,False,False,360,0.0,,483,169
missing_sensors,1008,12.444949572209971,92.37704918032787,0.41024305555555557,2.467361111111109,305,0.8472222222222222,0.0,0,0.011041355295067964,101.3311111111111,720.515625,False,False,360,0.0,,451,146
missing_sensors,1009,14.361859678811284,93.46843853820597,0.38580729166666666,2.114305555555554,301,0.8361111111111111,0.0,0,0.011020674911479646,99.57944444444443,720.5234375,False,False,360,0.0,,452,151
missing_sensors,1010,12.381374307821536,89.56228956228956,0.38250868055555554,2.121388888888887,297,0.825,0.0,0,0.010868091511737375,100.20500000000001,720.5390625,False,False,360,0.0,,450,153
missing_sensors,1011,16.80799533022467,98.29801324503312,0.5196180555555555,3.032499999999997,302,0.8388888888888889,0.0,0,0.011453102362995397,100.27111111111111,720.5546875,False,False,360,0.0,,452,150
missing_sensors,1012,16.644152776814682,101.06646525679758,0.5305121527777777,3.169999999999997,331,0.9194444444444444,0.0,0,0.011593241348843245,99.31888888888889,720.5703125,False,False,360,0.0,,466,135
missing_sensors,1013,11.618207645724791,96.54140127388536,0.404296875,2.1381944444444425,314,0.8722222222222222,0.0,0,0.010947991065929981,100.56611111111111,720.5859375,False,False,360,0.0,,482,168
missing_sensors,1014,10.720322211471842,92.9,0.34796006944444446,1.8254166666666654,310,0.8611111111111112,0.0,0,0.011349478740562012,99.80111111111111,720.6015625,False,False,360,0.0,,445,135
missing_sensors,1015,13.068552299886765,93.5079365079365,0.38645833333333335,2.324583333333331,315,0.875,0.0,0,0.011166746581794642,100.65416666666667,720.61328125,False,False,360,0.0,,450,135
missing_sensors,1016,13.416602863678644,102.52564102564102,0.473828125,2.2701388888888863,312,0.8666666666666667,0.0,0,0.011102558538469667,99.575,720.64453125,False,False,360,0.0,,491,179
missing_sensors,1017,13.307168757666947,92.21806853582555,0.40824652777777776,2.3670833333333308,321,0.8916666666666667,0.0,0,0.010983037494346112,99.5311111111111,720.66015625,False,False,360,0.0,,459,138
missing_sensors,1018,13.645800669454418,87.01003344481606,0.42291666666666666,2.513611111111109,299,0.8305555555555556,0.0,0,0.01066780429634188,99.87472222222223,720.66796875,False,False,360,0.0,,455,156
missing_sensors,1019,12.156836860069388,87.66333333333333,0.43472222222222223,2.632083333333331,300,0.8333333333333334,0.0,0,0.010665653836541524,99.77416666666666,720.68359375,False,False,360,0.0,,469,169
partial_light_failure,1000,21.927348987994037,71.63157894736842,0.5655815972222222,3.690555555555541,266,0.7388888888888889,0.0,0,0.010847792529804993,99.56111111111112,720.71484375,False,False,360,0.0,,441,175
partial_light_failure,1001,16.270568137280907,74.27368421052631,0.5069010416666667,3.485555555555542,285,0.7916666666666666,0.0,0,0.010855281864981711,99.90777777777778,720.75,False,False,360,0.0,,476,191
partial_light_failure,1002,16.311809181044257,72.46715328467154,0.47235243055555554,3.310972222222209,274,0.7611111111111111,0.0,0,0.010519736305367487,98.95222222222223,720.7734375,False,False,360,0.0,,444,170
partial_light_failure,1003,18.574610868056272,71.89568345323741,0.4934895833333333,3.470138888888875,278,0.7722222222222223,0.0,0,0.01142182501199487,100.41611111111112,720.78515625,False,False,360,0.0,,445,167
partial_light_failure,1004,20.162589161694186,77.72830188679245,0.5952256944444444,2.6172222222222135,265,0.7361111111111112,0.0,0,0.010813703475933936,99.92583333333334,720.80859375,False,False,360,0.0,,450,185
partial_light_failure,1005,15.580198475305535,70.79016393442623,0.426953125,2.6355555555555474,305,0.8472222222222222,0.0,0,0.010670988972884111,100.99222222222221,720.83984375,False,False,360,0.0,,471,166
partial_light_failure,1006,21.34041753458141,74.93333333333334,0.5936631944444445,4.632222222222201,255,0.7083333333333334,0.0,0,0.010782038528608004,99.85388888888889,720.859375,False,False,360,0.0,,433,178
partial_light_failure,1007,16.711351359940945,68.09120521172639,0.5032118055555556,3.792222222222207,307,0.8527777777777777,0.0,0,0.010903289714608237,100.40027777777777,720.88671875,False,False,360,0.0,,483,176
partial_light_failure,1008,17.892895670885334,69.18505338078292,0.50625,4.004583333333316,281,0.7805555555555556,0.0,0,0.011518707611281166,99.67777777777778,720.90234375,False,False,360,0.0,,451,170
partial_light_failure,1009,22.974720382016187,68.35606060606061,0.5385416666666667,3.888749999999983,264,0.7333333333333333,0.0,0,0.011027966643774157,100.21833333333333,720.92578125,False,False,360,0.0,,452,188
partial_light_failure,1010,14.3933436606107,72.61754385964912,0.3848958333333333,2.822361111111102,285,0.7916666666666666,0.0,0,0.01090252652728749,100.08416666666668,720.94921875,False,False,360,0.0,,450,165
partial_light_failure,1011,19.23430348040252,75.30877192982456,0.5353732638888888,2.608611111111103,285,0.7916666666666666,0.0,0,0.011000034959983572,99.67361111111111,720.9609375,False,False,360,0.0,,452,167
partial_light_failure,1012,21.857107539047657,68.21602787456446,0.6296875,4.37388888888887,287,0.7972222222222223,0.0,0,0.010607109733326878,98.93611111111112,720.9765625,False,False,360,0.0,,466,179
partial_light_failure,1013,21.970299364702523,77.56227758007117,0.6726996527777778,4.4829166666666485,281,0.7805555555555556,0.0,0,0.010691044988359662,100.5,721.01171875,False,False,360,0.0,,482,201
partial_light_failure,1014,19.794012672515294,71.44,0.5404079861111111,4.013749999999982,275,0.7638888888888888,0.0,0,0.010826120615092805,99.595,721.0390625,False,False,360,0.0,,445,170
partial_light_failure,1015,20.241269453095757,71.24285714285715,0.5593315972222223,4.7777777777777555,280,0.7777777777777778,0.0,0,0.01057731665746865,99.04138888888889,721.05078125,False,False,360,0.0,,450,170
partial_light_failure,1016,17.695921761954,74.76190476190476,0.6370659722222223,4.574305555555536,273,0.7583333333333333,0.0,0,0.010469998505868716,101.05972222222222,721.08984375,False,False,360,0.0,,491,218
partial_light_failure,1017,20.987412241571075,73.22996515679442,0.591015625,3.456944444444431,287,0.7972222222222223,0.0,0,0.010946190610007357,98.8313888888889,721.1171875,False,False,360,0.0,,459,172
partial_light_failure,1018,22.3936100355742,73.45035460992908,0.5947916666666667,4.929305555555533,282,0.7833333333333333,0.0,0,0.010580615071376087,99.29944444444445,721.12109375,False,False,360,0.0,,455,173
partial_light_failure,1019,17.374404340537044,69.02768166089966,0.48125,3.7312499999999846,289,0.8027777777777778,0.0,0,0.010315544245208407,100.25999999999999,721.13671875,False,False,360,0.0,,469,180
